Code Client;Code Sûreté;Devise;Valeur;Échéance (jj/mm/aaaa)
100000006;1000;USD;197986250;31/01/2027
101469635;1000;EUR;11971215;31/01/2027
100332885;1000;USD;1131350000;30/12/2026
100332885;1000;EUR;663244892;31/01/2027
100000148;1000;EUR;14643584;30/01/2027
100010588;1000;XOF;60000000;08/07/2027
100000152;1000;XOF;18132243075;30/10/2030
101756156;1000;EUR;2160527539;30/12/2030
102485011;4300;XOF;100000000;24/02/2036
100383896;3110;XOF;4464347;05/07/2028
100111200;3110;XOF;2987835;05/03/2028
100111200;5200;XOF;29597307;27/08/2035
100111200;7000;XOF;110000000;12/12/2032
100219953;7000;XOF;11000000;30/08/2031
100024517;3110;XOF;1300000000;15/02/2028
101363993;3110;XOF;2188135;05/07/2027
100173279;3110;XOF;2818260;05/01/2027
101444024;3110;XOF;3271324;05/11/2028
101444024;5300;XOF;33000000;03/12/2035
101444024;7000;XOF;35200000;08/03/2033
101114930;3110;XOF;6899186;05/01/2027
101114930;7000;XOF;43267025;07/12/2033
100348056;3110;XOF;6371000;05/07/2030
100348056;5200;XOF;40656000;04/08/2036
100348056;7000;XOF;79816000;07/12/2033
101004100;3110;XOF;12022475;05/12/2026
101004100;4300;XOF;18890000;13/06/2035
101004100;7000;XOF;110000000;07/12/2033
101609175;3110;XOF;1653033;05/05/2028
101609175;7000;XOF;29150000;26/05/2033
101385769;3110;XOF;10000000;28/06/2033
101385769;7000;XOF;11000000;28/06/2033
101327587;3110;XOF;5000000;05/10/2026
101396542;7000;XOF;60500000;30/09/2032
101304873;3110;XOF;22600447;-
101304873;4200;XOF;12300362211;02/03/2036
101385815;3110;XOF;2300000;05/12/2026
101385815;4300;XOF;11500000;06/02/2036
101385815;7000;XOF;10560000;16/11/2032
101725883;3110;XOF;3101171;05/01/2028
100289879;3110;XOF;1686123;05/04/2027
101266484;3110;XOF;2045211;05/07/2027
101266484;7000;XOF;117000000;09/10/2030
101540073;3110;XOF;2739197;05/08/2028
101391032;3110;XOF;4156992;05/07/2027
102016474;3110;XOF;2000000;05/12/2026
102016474;4300;XOF;10000000;03/02/2036
101562316;3110;XOF;5695762;05/02/2030
101562316;7000;XOF;56232000;05/02/2032
101561321;3110;XOF;1169616;05/09/2027
101836845;3110;XOF;11500000;05/11/2028
101836845;5300;XOF;46000000;21/10/2035
101401028;3110;XOF;4621481;05/06/2028
100151208;3110;XOF;2000000;05/11/2026
100151208;4500;XOF;17640696;19/12/2035
100151208;7000;XOF;21794115;04/06/2035
101079693;3110;XOF;5186905;05/10/2028
101079693;5300;XOF;48000000;21/10/2035
101842616;3110;XOF;2722160;25/11/2027
100040264;3110;XOF;2100000;05/10/2026
100040264;5300;XOF;8400000;21/10/2035
102419753;3110;XOF;12632454;05/07/2028
102419753;5300;XOF;50529815;05/07/2028
100384747;3110;XOF;1930156;05/12/2027
101829106;3110;XOF;1742621;05/06/2029
101829106;5300;XOF;5000000;14/07/2036
100217774;3110;XOF;36890794;05/07/2028
100217774;5200;XOF;61760000;25/11/2035
101527889;3110;XOF;1653475;05/04/2027
101527889;5300;XOF;6613900;21/10/2035
101527889;7000;XOF;5500000;30/05/2035
102042088;3110;XOF;6000000;05/12/2026
102042088;4300;XOF;30000000;03/02/2036
102042088;7000;XOF;33000000;28/11/2035
101558501;3110;XOF;4800000;05/12/2026
101558501;4300;XOF;32000000;03/02/2036
102493931;3110;XOF;4482915;05/08/2028
102493931;5200;XOF;44407478;18/09/2035
101395202;3110;XOF;11474997;05/07/2028
101395202;5200;XOF;102080000;18/09/2035
101395202;7000;XOF;112288000;30/05/2035
102504896;3110;XOF;5134374;05/11/2028
102504896;5200;XOF;47013152;24/10/2035
102576123;3110;XOF;5000000;05/11/2026
101396071;3110;XOF;1325625;05/09/2028
101396071;5200;XOF;13574212;03/02/2036
101555691;3110;XOF;12994252;05/09/2028
101555691;5200;XOF;43440000;23/09/2035
102491426;3110;XOF;3750000;05/10/2026
101420516;3110;XOF;1372283;05/09/2028
101420516;5300;XOF;14100000;21/10/2035
101420516;7000;XOF;8800000;05/03/2027
102045029;3110;XOF;19250000;22/05/2027
102045029;3120;XOF;9000000;22/06/2027
101541108;3110;XOF;1000000;05/12/2026
102362998;3110;XOF;37654314;05/04/2031
102362998;5300;XOF;75723918;27/08/2035
102362998;7000;XOF;220796310;05/04/2031
102006164;3110;XOF;4013637;05/01/2028
100009616;3110;XOF;14611848;05/01/2029
100009616;5400;XOF;534000000;28/03/2055
102056956;3110;XOF;1433025;28/04/2028
101425172;3110;XOF;5623721;05/05/2028
101425172;5200;XOF;45520000;22/04/2035
101996130;3110;XOF;1000000;05/10/2026
101996130;4300;XOF;5000000;03/02/2036
101770666;3110;XOF;3322473;05/01/2028
101770666;4300;XOF;10000000;22/06/2036
101578970;3110;XOF;1442528;05/01/2028
101578970;5300;XOF;12906125;28/03/2035
101578970;7000;XOF;11000000;21/09/2033
100349600;3110;XOF;2616950;05/05/2028
100349600;5200;XOF;23900000;02/05/2035
100349600;7000;XOF;26290000;05/05/2028
101495121;3110;XOF;4768995;05/06/2027
101495121;4300;XOF;8000000;23/09/2035
101495121;5200;XOF;48108001;24/10/2034
100371973;3110;XOF;4636625;05/11/2027
100371973;7000;XOF;22000000;06/09/2032
102043821;3110;XOF;12783750;05/12/2029
102043821;5400;XOF;252000000;03/12/2054
101514626;3110;XOF;1351257;05/10/2027
101625108;3110;XOF;19400109;05/01/2028
101701794;3110;XOF;755822;05/11/2027
100198884;3110;XOF;2263210;05/12/2027
101995456;3110;XOF;3000000;05/11/2026
101584079;3110;XOF;2500000;05/12/2026
101204842;3110;XOF;1930156;05/10/2027
101987960;3110;XOF;1380338;05/09/2030
101987960;5300;XOF;17454500;06/02/2036
102425592;3110;XOF;1250000;05/12/2026
101909913;3110;XOF;10000000;05/12/2026
101909913;4500;XOF;50000000;31/12/2035
101516466;3110;XOF;2005385;05/12/2028
101516466;5200;XOF;18900000;19/12/2035
101516466;7000;XOF;18900000;05/12/2028
102613367;3110;XOF;600000;05/11/2026
100006063;3110;XOF;6250000;05/02/2028
102312635;3110;XOF;3161514;05/09/2028
102312635;5200;XOF;33680000;03/12/2035
101688719;3110;XOF;23633625;25/12/2030
101688719;5400;XOF;300000000;22/04/2056
101521208;3110;XOF;3321286;05/02/2028
101986674;3110;XOF;28252208;05/10/2030
101986674;5200;XOF;113008832;31/12/2035
101986674;7000;XOF;124309715;05/10/2030
102010963;3110;XOF;1250000;05/11/2026
102579266;3110;XOF;7500000;05/10/2026
100042173;3110;XOF;300000;05/11/2026
101628181;3110;XOF;4500000;05/10/2026
101628181;7000;XOF;11000000;17/12/2034
101818289;3110;XOF;14276315;05/12/2027
102486428;3110;XOF;2368804;05/03/2031
100268825;3110;XOF;12000000;05/02/2027
100268825;7000;XOF;110000000;08/12/2032
101630087;3110;XOF;2000000;05/08/2027
101588529;3110;XOF;900000;05/10/2027
102386634;3110;XOF;5000000;05/05/2027
100274301;3110;XOF;10500000;05/12/2026
100274301;7000;XOF;77000000;05/12/2026
102585063;3110;XOF;10000000;05/01/2027
102585063;7000;XOF;110000000;05/01/2027
101995345;3110;XOF;3076681;05/12/2026
101995345;4500;XOF;11572000;19/12/2035
101705666;3110;XOF;6000000;05/01/2027
101421100;3110;XOF;2055502;05/01/2029
101421100;5200;XOF;16432000;03/02/2036
102006759;3110;XOF;43336737;05/05/2029
102006759;5200;XOF;144000000;04/08/2036
101217333;3110;XOF;5000000;05/04/2027
101217333;7000;XOF;27500000;05/04/2027
101470886;3110;XOF;2000000;05/03/2027
101470886;7000;XOF;27500000;15/05/2033
101326505;3110;XOF;1000000;05/09/2027
101438812;3110;XOF;1978611;05/03/2029
101438812;5200;XOF;19600000;27/04/2036
101438812;7000;XOF;22000000;03/07/2033
101396117;3110;XOF;1000000;05/12/2026
100274894;3110;XOF;4000000;05/11/2026
100274894;4300;XOF;35000000;03/02/2036
102295039;3110;XOF;3750000;05/01/2027
101583545;3110;XOF;3000000;05/01/2027
101762850;3110;XOF;3000000;05/04/2027
100348102;3110;XOF;4000000;05/10/2026
100348102;7000;XOF;36300000;04/07/2033
102663199;3110;XOF;6000000;05/01/2027
102663199;7000;XOF;33000000;05/01/2027
101513040;3110;XOF;3200000;05/01/2027
102634947;3110;XOF;4860000;05/02/2027
102634947;7000;XOF;26730000;05/02/2027
102423350;3110;XOF;1000000;05/05/2027
102520109;3110;XOF;4068398;05/01/2028
102790588;3110;XOF;1000000;05/07/2027
101836308;3110;XOF;1200000;05/01/2027
101190605;3110;XOF;60000000;05/01/2027
102658593;3110;XOF;3000000;05/07/2027
100316085;3110;XOF;12000000;05/06/2027
100847720;3110;XOF;14000000;05/12/2026
100847720;7000;XOF;77000000;02/12/2035
101520560;3110;XOF;3000000;05/12/2026
102656268;3110;XOF;2500000;05/12/2026
102580794;3110;XOF;300000;05/12/2026
102469264;3110;XOF;750000;05/01/2027
102620070;3110;XOF;5000000;05/02/2027
102620070;7000;XOF;27500000;05/01/2027
101579711;3110;XOF;3700000;05/04/2027
101579711;7000;XOF;22000000;19/09/2033
100042811;3110;XOF;1000000;05/04/2027
100042811;7000;XOF;16500000;25/08/2033
102659693;3110;XOF;1000000;05/02/2027
101689892;3110;XOF;6000000;05/04/2027
102584085;3110;XOF;1500000;05/07/2027
101191303;3110;XOF;9953089;05/08/2028
101495058;3110;XOF;12000000;05/04/2027
101142944;3110;XOF;2250000;05/03/2027
101142944;7000;XOF;23870000;13/07/2033
101347537;3110;XOF;4400000;05/11/2026
100347268;3110;XOF;12000000;05/11/2026
101964342;3110;XOF;500000;05/04/2027
102836054;3110;XOF;12000000;05/05/2027
102836054;7000;XOF;132000000;05/05/2027
101471606;3110;XOF;19814768;05/10/2031
100003774;3110;XOF;24000000;05/01/2027
100003774;5400;XOF;287250000;16/05/2049
100003774;7100;XOF;264000000;05/01/2027
102514444;3110;XOF;2000000;05/12/2026
100108694;3110;XOF;4506668;05/08/2031
102478928;3110;XOF;1432975;05/08/2029
102478928;5300;XOF;15000000;21/09/2036
102045438;3110;XOF;2463900;05/12/2026
102656793;3110;XOF;4521365;05/06/2029
102656793;5200;XOF;22500001;21/09/2036
102656793;7000;XOF;24750000;05/06/2029
102663173;3110;XOF;1800000;05/08/2029
102663173;5300;XOF;18000000;04/08/2036
102663173;7000;XOF;19800000;05/08/2029
101541444;3110;XOF;7404778;05/07/2029
102549265;3110;XOF;1495195;05/01/2030
102549265;5200;XOF;20000000;17/03/2036
100314118;3110;XOF;2500000;05/01/2027
100314118;7000;XOF;16500000;31/08/2032
102652837;3110;XOF;3000000;05/08/2027
100052316;3110;XOF;5257360;05/01/2031
102299891;3110;XOF;12000000;05/08/2027
102299891;7000;XOF;132000000;05/08/2027
100273975;3110;XOF;1600000;05/11/2026
100273975;7000;XOF;42900000;10/05/2033
101950985;3110;XOF;8000000;05/10/2027
101442558;3110;XOF;3000000;05/10/2027
101629821;3110;XOF;2800000;05/01/2027
102810751;3110;XOF;700000;20/10/2026
101699864;3110;XOF;2593200;05/09/2027
101957121;3110;XOF;2200000;05/12/2026
102019550;3110;XOF;3526758;05/09/2028
102019550;5300;XOF;30000000;14/08/2036
101388692;3110;XOF;12500000;05/06/2027
102817132;3110;XOF;2000000;05/08/2027
102342552;3110;XOF;25000000;05/06/2027
102342552;7000;XOF;110000000;05/06/2027
101516445;3110;XOF;1978039;10/02/2028
101516445;5300;XOF;14055282;07/04/2036
100308243;3110;XOF;5916627;05/06/2028
100308243;5200;XOF;17300000;04/08/2036
102641096;3110;XOF;4000000;05/02/2027
102641096;7000;XOF;22000000;05/02/2027
103227047;3110;XOF;12875742;10/10/2031
103227047;7000;XOF;340694640;10/10/2026
101667140;3110;XOF;11000000;18/03/2027
101667140;7000;XOF;60500000;-
102016591;3110;XOF;6000000;05/10/2026
102016591;7000;XOF;33000000;05/10/2026
102668348;3110;XOF;1000000;05/02/2027
102741770;3110;XOF;7280585;05/07/2031
102741770;7000;XOF;105194280;05/07/2031
102363373;3110;XOF;3000000;05/08/2027
102553829;3110;XOF;1714800;05/04/2031
102553829;5300;XOF;15000000;08/07/2036
101554657;3110;XOF;9000000;05/03/2027
101452970;3110;XOF;1200000;05/10/2026
102814534;3110;XOF;1282174;05/10/2029
102814534;7000;XOF;14763606;05/10/2029
102633070;3110;XOF;12250000;05/07/2027
101148581;3110;XOF;12500000;05/07/2027
101148581;5500;XOF;33000000;16/10/2030
101148581;7000;XOF;75900000;25/03/2032
102362881;3110;XOF;10000000;05/03/2027
102362881;7000;XOF;110000000;05/03/2027
102869415;3110;XOF;1700000;05/10/2027
101336686;3110;XOF;7000000;05/10/2027
102554259;3110;XOF;1870982;05/02/2029
102554259;5300;XOF;18709826;27/03/2036
102554259;7000;XOF;20580809;05/02/2029
101909404;3110;XOF;2500000;05/03/2027
101909404;7000;XOF;27500000;05/03/2027
100215183;3110;XOF;5800000;05/11/2026
100215183;7000;XOF;64900000;22/08/2035
102658551;3110;XOF;4800000;10/03/2027
102658551;7000;XOF;26400000;10/03/2027
102456476;3110;XOF;600000;05/01/2027
100270407;3110;XOF;1750000;05/04/2027
102298554;3110;XOF;1600000;05/06/2027
101708202;3110;XOF;40000;24/11/2026
100671339;3110;XOF;13750000;05/04/2027
102454871;3110;XOF;5351988;05/01/2030
100255957;3110;XOF;5249377;05/04/2029
100255957;5200;XOF;52000000;16/04/2036
101198055;3110;XOF;1100000;05/08/2027
100011569;3110;XOF;1500000;20/02/2027
100350421;3110;XOF;8000000;05/11/2026
100350421;7000;XOF;11000000;19/02/2031
102669942;3110;XOF;10000000;05/03/2027
102635188;3110;XOF;5000000;05/02/2027
101371017;3110;XOF;18000000;05/10/2026
101371017;7000;XOF;66000000;02/08/2032
101200391;3110;XOF;3000000;05/07/2027
101200391;7000;XOF;27500000;20/04/2033
102744376;3110;XOF;3191343;05/09/2030
102744376;5200;XOF;39760000;04/09/2036
102744376;7000;XOF;91527425;05/09/2030
100251643;3110;XOF;4500000;05/12/2026
101391534;3110;XOF;300000;20/10/2026
101391534;4300;XOF;90000000;03/08/2032
102013307;3110;XOF;1000000;05/11/2026
102013307;4300;XOF;5000000;09/07/2036
102044365;3110;XOF;4839182;05/01/2027
102044365;4300;XOF;45784863;20/04/2036
102038074;3110;XOF;10000000;05/08/2027
101460604;3110;XOF;10000000;05/01/2027
101460604;7000;XOF;100000000;10/11/2033
100289954;3110;XOF;1657471;05/06/2029
100289954;5200;XOF;16720000;04/08/2036
100289954;7000;XOF;18392000;05/06/2029
100178463;3110;XOF;5987082;05/12/2028
100178463;7000;XOF;53592000;05/12/2028
102034509;3110;XOF;1600000;05/04/2027
102655131;3110;XOF;50000000;17/03/2027
102655131;7000;XOF;120000000;17/03/2027
101952016;3110;XOF;12475000;05/05/2027
102483586;3110;XOF;900000;05/12/2026
101297526;3110;XOF;5000000;05/02/2027
101657959;3110;XOF;12487500;05/06/2027
101769735;3110;XOF;18000000;05/04/2027
100698440;3110;XOF;10000000;05/02/2027
100698440;7000;XOF;22000000;16/04/2031
100199055;3110;XOF;4165007;05/10/2029
100199055;3120;XOF;2066062;05/10/2026
100199055;5200;XOF;19600000;25/09/2036
100199055;7000;XOF;21560000;05/10/2029
101966925;3110;XOF;2400000;05/08/2027
101297572;3110;XOF;3830000;05/11/2026
101456600;3110;XOF;1284760;05/04/2027
101456600;5300;XOF;4800000;22/04/2036
100288171;3110;XOF;3400000;05/11/2026
100288171;7000;XOF;18700000;05/11/2026
101701709;3110;XOF;2000000;05/11/2026
102480756;3110;XOF;5000000;05/11/2026
103053681;3110;XOF;3000000;05/10/2027
100223704;3110;XOF;2000000;05/01/2027
101129555;3110;XOF;7000000;31/12/2026
101950686;3110;XOF;2000000;05/12/2026
101950686;7000;XOF;27500000;19/06/2035
101855450;3110;XOF;3600000;05/01/2027
101521171;3110;XOF;2680000;05/05/2027
100347414;3110;XOF;5454976;05/02/2027
100347414;7000;XOF;30002368;05/02/2027
102493872;3110;XOF;3000000;05/06/2027
102493872;4300;XOF;24000000;04/08/2036
101502752;3110;XOF;1000000;05/08/2027
101593883;3110;XOF;9400000;05/02/2027
101593883;7000;XOF;22000000;11/07/2033
101763237;3110;XOF;20000000;31/03/2027
101763237;5400;XOF;159267220;21/09/2056
101763237;7000;XOF;220000000;31/03/2027
101485772;3110;XOF;1300000;05/12/2026
102647541;3110;XOF;5000000;05/03/2027
102647541;4300;XOF;50000000;26/03/2036
102815287;3110;XOF;9000000;05/03/2027
101755979;3110;XOF;2865949;05/07/2029
101755979;5200;XOF;30000000;04/09/2036
101755979;7000;XOF;33000000;05/07/2029
102051296;3110;XOF;3750000;05/12/2026
102746837;3110;XOF;2865949;05/08/2029
102746837;5300;XOF;30000000;21/09/2036
102746837;7000;XOF;33000000;05/08/2029
102803438;3110;XOF;4950000;05/04/2027
102803438;7000;XOF;54450000;20/07/2027
102426111;3110;XOF;10000000;05/10/2026
102426111;7000;XOF;242000000;25/09/2035
101200024;3110;XOF;2187500;10/08/2027
100399012;3110;XOF;5000000;05/12/2026
101675253;3110;XOF;1400000;05/06/2027
101654292;3110;XOF;2690417;05/08/2029
101654292;7000;XOF;19679297;20/07/2033
102632100;3110;XOF;8250000;05/08/2027
102632100;7000;XOF;36300000;05/08/2027
101763912;3110;XOF;2865949;15/01/2029
102424807;3110;XOF;2000000;05/03/2027
102424807;7000;XOF;22000000;05/03/2027
102748072;3110;XOF;3000000;05/02/2027
101622103;3110;XOF;4000000;05/01/2027
101522297;3110;XOF;7492500;05/12/2026
101522297;7000;XOF;33000000;03/02/2033
100139998;3110;XOF;2500000;05/07/2027
100139998;7000;XOF;11000000;05/07/2027
100230726;3110;XOF;6000000;05/11/2026
100230726;7000;XOF;55000000;21/06/2031
101836836;3110;XOF;7590000;05/05/2027
101521141;3110;XOF;8100000;05/09/2027
101521141;5200;XOF;19120000;31/12/2035
102488940;3110;XOF;22500000;05/01/2027
102488940;7000;XOF;165000000;31/07/2035
100351042;3110;XOF;3000000;05/04/2027
100351042;7000;XOF;88000000;01/08/2032
100183816;3110;XOF;3300000;05/11/2026
100183816;7000;XOF;22000000;27/06/2033
102757099;3110;XOF;5000000;18/07/2031
102043776;3110;XOF;2000000;05/01/2027
100810366;3110;XOF;9980000;05/02/2027
101691433;3110;XOF;2000000;05/08/2027
102487628;3110;XOF;50000000;05/08/2027
102487628;7000;XOF;420000000;05/08/2027
100382975;3110;XOF;2000000;05/09/2027
101612206;3110;XOF;7500000;05/04/2027
102599054;3110;XOF;8256153;05/09/2031
102599054;5400;XOF;30000000;04/06/2056
102599054;7000;XOF;137500000;05/09/2031
101105241;3110;XOF;604095;05/04/2028
101105241;5300;XOF;4238560;17/04/2036
101355285;3110;XOF;10654015;15/05/2027
101355285;4300;XOF;62043191;04/09/2036
101355285;7000;XOF;67471410;04/01/2033
101628941;3110;XOF;1600000;05/01/2027
100010057;3120;XOF;10000000;13/07/2033
101232162;5300;XOF;10000000000;21/10/2035
101232162;5400;XOF;10000000000;09/07/2054
101232162;8000;XOF;10000000000;15/12/2027
102341659;3120;XOF;350000000;02/10/2035
102554563;3120;XOF;30000000;04/10/2026
102554563;7000;XOF;33000000;10/02/2027
100001357;3120;XOF;16500000;26/04/2029
100001357;5400;XOF;31712010;30/01/2048
101477380;3120;XOF;750000000;26/03/2028
100196639;3120;XOF;202500000;28/02/2027
100288539;3120;XOF;1000000000;18/06/2027
100068036;3120;XOF;21089176;05/12/2027
101703596;3120;XOF;60000000;31/12/2026
102334872;3120;XOF;60000000;31/12/2026
100233436;3120;XOF;50000000;10/08/2028
100233436;7000;XOF;55000000;05/08/2027
101336617;3120;XOF;418172588;12/08/2027
102386145;3210;XOF;2062101;05/06/2029
102386145;5200;XOF;20427045;04/08/2036
101258286;3410;XOF;7500000;07/03/2033
101258286;7000;XOF;55000000;07/03/2033
100217641;3410;XOF;30000000;05/04/2033
100217641;7000;XOF;25000000;07/12/2030
101600968;3410;XOF;33307218;05/01/2029
100000238;3410;XOF;2200000000;28/03/2032
100172903;3410;XOF;5000000000;21/10/2035
101662870;3410;XOF;11163895;05/01/2029
101694578;3410;XOF;22572355;05/01/2027
101628603;3410;XOF;8725500;05/01/2029
100000016;3410;XOF;2000000000;13/02/2030
100052962;3410;XOF;60000000;24/09/2027
102584076;3410;XOF;100000000;03/12/2035
101623673;3410;XOF;45000000;04/03/2036
100010342;4100;XOF;100;20/06/2032
100010342;4300;XOF;100000;20/06/2032
100010342;5300;XOF;500000100;06/07/2032
100010342;5400;XOF;33000000;18/03/2043
100180656;4100;XOF;36162340;21/03/2032
100180656;4300;XOF;2309287;08/08/2032
100180656;7000;XOF;33624347;31/01/2032
100180656;7100;XOF;1855914;12/09/2029
100010843;4100;XOF;10000000;17/11/2028
100010843;4300;XOF;8500000;20/01/2032
100010843;7000;XOF;9350000;20/01/2033
101334855;4300;XOF;10000000;01/02/2032
101334855;7000;XOF;11000000;14/07/2033
100046823;4100;XOF;29682852;02/11/2032
100046823;4300;XOF;105575444;13/11/2035
100046823;7000;XOF;184515290;20/10/2035
102426168;4100;XOF;120000000;15/01/2036
102426168;7000;XOF;132000000;05/03/2027
101055569;4200;XOF;11555000;21/02/2032
101055569;4300;XOF;58600000;26/03/2036
102639644;4300;XOF;15906173;17/04/2036
102663301;4300;XOF;30000000;04/08/2036
100230740;4300;XOF;40000000;23/03/2036
102360878;4300;XOF;4518750;21/09/2036
102298779;4300;XOF;45000000;25/09/2036
102298779;7000;XOF;49500000;05/10/2026
102663238;4300;XOF;30000000;22/04/2036
102663238;7000;XOF;33000000;15/04/2029
101011674;4300;XOF;38180000;23/09/2035
101011674;7000;XOF;41998000;10/07/2035
101514019;4300;XOF;90000000;23/10/2035
102012937;4300;XOF;20000000;19/11/2035
102057988;4300;XOF;53000000;27/08/2035
102487614;4300;XOF;30000000;19/11/2035
102487614;7000;XOF;33000000;22/08/2035
101661943;4300;XOF;10000000;19/11/2035
101836130;4300;XOF;27870036;18/09/2035
101502196;4300;XOF;26000000;02/05/2035
102484547;4300;XOF;20000000;21/10/2035
102484547;7000;XOF;14300000;05/08/2027
101664552;4300;XOF;5745675;18/09/2035
101664552;5300;XOF;10000000;04/08/2036
101664552;7000;XOF;30366525;28/10/2035
101625401;4300;XOF;10000000;21/10/2035
100036724;4300;XOF;460161125;21/10/2035
102000237;4300;XOF;5000000;06/02/2036
100222697;4300;XOF;30000000;03/02/2036
100222697;7000;XOF;33000000;10/10/2026
102300998;4300;XOF;45000000;04/08/2036
101376657;4300;XOF;80000000;06/02/2036
101376657;7000;XOF;55000000;31/08/2031
101763279;4300;XOF;20576400;27/03/2036
101763279;7000;XOF;26960577;05/04/2027
102656636;4300;XOF;3000000;25/09/2036
101810453;4300;XOF;30000000;26/03/2036
101810453;7100;XOF;33000000;05/03/2036
101592501;4300;XOF;5000000;31/12/2035
101825686;4300;XOF;700000000;19/03/2036
101825686;5400;XOF;1440000000;02/02/2054
101825686;7000;XOF;200000000;02/02/2034
101903912;4300;XOF;30000000;04/08/2036
100032354;4300;XOF;85000000;03/02/2036
100032354;5400;XOF;200000000;01/06/2052
100032354;7000;XOF;153500000;03/05/2031
102532042;4300;XOF;70000000;07/04/2036
100616582;4300;XOF;30000000;26/04/2032
100616582;5400;XOF;34894080;02/12/2054
100616582;7000;XOF;18700000;02/03/2033
101378189;4300;XOF;50000000;05/08/2032
101378189;7000;XOF;53900000;31/03/2033
100013795;4300;XOF;50000000;11/04/2032
100013795;7000;XOF;55000000;11/03/2032
101699217;4300;XOF;600000000;18/09/2033
101699217;7000;XOF;600000000;01/09/2031
101141275;4300;XOF;25000000;06/01/2030
101141275;5100;XOF;50000000;21/02/2032
101141275;7000;XOF;55000000;03/08/2032
101328586;4300;XOF;17500000;02/03/2032
101328586;7000;XOF;46260416;07/12/2031
101721428;4300;XOF;50000000;10/01/2034
101069134;4300;XOF;5931565;19/11/2031
101069134;7000;XOF;6524721;29/11/2031
100003388;4300;XOF;100000000;26/01/2033
100003388;7000;XOF;72000000;26/08/2031
100000877;5400;XOF;4623000000;24/01/2048
100004549;5400;XOF;1140000000;16/09/2040
100333482;5200;XOF;168052698;11/10/2031
100333482;7000;XOF;184857968;07/12/2031
100079166;5200;XOF;500000000;01/02/2027
100273881;5200;XOF;16900000;19/03/2036
100010450;5200;XOF;16412649;04/09/2036
101385569;5200;XOF;44000001;04/03/2036
101385569;7000;XOF;48400000;31/08/2033
101357970;5300;XOF;36877771;21/02/2032
101357970;7000;XOF;57950783;06/08/2031
100262016;5300;XOF;38472424;19/11/2028
100262016;7000;XOF;33000000;05/10/2028
100012360;7000;XOF;10200000000;31/12/2029
101356799;5300;XOF;37800000;25/02/2032
101356799;7000;XOF;59400000;05/08/2031
100934496;5300;XOF;18224000;12/10/2030
100934496;7000;XOF;20046400;25/08/2030
100468959;5300;XOF;590000000;06/10/2032
100468959;7000;XOF;590000000;15/04/2031
101304367;5300;XOF;9500000000;16/10/2034
102830394;5300;XOF;10000000;25/09/2036
102011465;5300;XOF;15000000;21/09/2036
102011465;7000;XOF;16500000;05/07/2029
102642096;5300;XOF;25114159;22/06/2036
102642096;7100;XOF;27625575;05/01/2029
100009749;5400;XOF;40000000;18/03/2054
100220528;5400;XOF;77500000;18/03/2054
100007012;5400;XOF;13100000;18/03/2054
100056846;5400;XOF;97000000;18/03/2054
100157265;5400;XOF;50000000;18/03/2054
100008916;5400;XOF;60000000;18/03/2054
100151290;5400;XOF;34300000;18/03/2054
101013312;5400;XOF;100000000;18/03/2054
100215204;5400;XOF;100000000;18/03/2054
100180658;5400;XOF;100000000;18/03/2054
100010172;5400;XOF;32000000;18/03/2054
100010687;5400;XOF;49000000;18/03/2054
100004709;5400;XOF;83000000;18/03/2054
100192160;5400;XOF;30000000;18/03/2054
100012513;5400;XOF;55000000;18/03/2054
100215027;5400;XOF;57000000;18/03/2054
100010580;5400;XOF;65000000;18/03/2054
100011801;5400;XOF;60000000;18/03/2054
101954665;5400;XOF;646652400;09/07/2054
101954665;7000;XOF;600000000;16/01/2036
101348576;5400;XOF;3392750000;23/01/2055
100018674;5400;XOF;142800000;19/11/2055
100998007;5400;XOF;805000000;26/11/2054
101490730;5400;XOF;2400000000;11/02/2055
101490730;7000;XOF;1000000000;16/12/2032
101920051;5400;XOF;600000000;17/10/2054
101920051;7000;XOF;850000000;17/09/2045
100183628;5400;XOF;72492784;21/03/2055
101918945;5400;XOF;1600000000;28/07/2055
100967199;5400;XOF;1230000000;05/12/2054
101823577;5400;XOF;960000000;29/04/2056
100287784;5400;XOF;85000000;10/08/2056
101838538;5400;XOF;88934669;14/08/2056
102451979;5400;XOF;95000000;14/08/2056
100157929;5400;XOF;41000000;10/08/2056
100007181;5400;XOF;72000000;10/08/2056
100252989;5400;XOF;30240000;17/02/2056
100004850;5400;XOF;60000000;05/03/2056
100008909;5400;XOF;49000000;10/08/2056
102489503;5400;XOF;78702096;24/02/2056
100003412;5400;XOF;50000000;01/06/2056
100184379;5400;XOF;92400000;19/02/2056
102620973;5400;XOF;194181862;27/04/2056
100140642;5400;XOF;24493000;18/09/2056
100140642;7000;XOF;88000000;05/04/2030
100004284;5400;XOF;80500000;10/08/2056
100089035;5400;XOF;1916656050;26/02/2056
100089035;7000;XOF;210000000;30/08/2029
101730912;5400;XOF;95000000;10/08/2056
100006133;5400;XOF;39800000;11/08/2056
100269983;5400;XOF;300000000;22/06/2056
100199017;7000;XOF;132000000;19/01/2031
100220313;5400;XOF;32000000;15/09/2044
100010437;5400;XOF;115026367;30/12/2044
100002221;5400;XOF;56000000;22/12/2044
100007983;5400;XOF;66500000;27/07/2047
100182248;5400;XOF;42000000;22/06/2052
100009060;5400;XOF;40000000;27/06/2052
100010566;5400;XOF;32000000;27/06/2052
100007430;5400;XOF;15000000;27/06/2052
100142576;5400;XOF;65000000;22/06/2052
100007049;5400;XOF;47000000;22/06/2052
100204850;5400;XOF;63000000;22/06/2052
100010682;5400;XOF;32000000;27/06/2052
100010551;5400;XOF;48000000;01/12/2051
101610882;5400;XOF;931941433;27/04/2053
101610882;7000;XOF;800000000;27/04/2033
101644324;5400;XOF;1020000000;05/12/2030
101644324;7000;XOF;850000000;05/12/2028
100045559;5400;XOF;2000000000;18/04/2053
100045559;7000;XOF;1575000000;24/12/2031
101303645;5400;XOF;531379595;12/10/2053
101303645;7000;XOF;1100000000;26/10/2031
100310380;5400;XOF;60000000;18/03/2054
101820503;5400;XOF;3289000000;17/05/2044
100046307;5400;XOF;729000000;30/08/2048
101707657;5400;XOF;2000000000;12/03/2054
101563038;5400;XOF;4880000000;02/05/2054
101563038;7000;XOF;910000000;24/07/2033
100368050;5400;XOF;752947008;05/09/2052
100217674;5400;XOF;50000000;18/03/2054
100009413;5400;XOF;70000000;18/03/2054
100006003;5400;XOF;71000000;18/03/2054
100144742;5400;XOF;75000000;18/03/2054
101713127;5400;XOF;780000000;08/03/2054
101713127;7000;XOF;250000000;11/03/2034
100674981;5400;XOF;840000000;09/07/2054
101341484;5400;XOF;583942027;18/01/2054
101341484;7000;XOF;535280191;11/04/2323
100007171;5400;XOF;60000000;18/03/2054
100215592;5400;XOF;53000000;18/03/2054
100007068;5400;XOF;83000000;18/03/2054
100192645;5400;XOF;33000000;18/03/2054
100168349;5400;XOF;32000000;18/03/2054
100217946;5400;XOF;70000000;18/03/2054
100263027;5400;XOF;35000000;18/03/2054
100004495;5400;XOF;68000000;18/03/2054
100006951;5400;XOF;87000000;18/03/2054
100168730;5400;XOF;80000000;18/03/2054
100054601;5400;XOF;38000000;18/03/2054
100192002;5400;XOF;38000000;18/03/2054
100196151;5400;XOF;38000000;18/03/2054
100009264;5400;XOF;37000000;18/03/2054
100182607;5400;XOF;163000000;18/03/2054
100008146;5400;XOF;109000000;18/03/2054
100007032;5400;XOF;70000000;18/03/2054
100135900;5400;XOF;50000000;18/03/2054
100000812;5400;XOF;58000000;18/03/2054
100141434;5400;XOF;40000000;18/03/2054
100140232;5400;XOF;49000000;18/03/2054
100140459;5400;XOF;44000000;18/03/2054
100144734;5400;XOF;73000000;18/03/2054
100011463;5400;XOF;33000000;18/03/2054
100218135;5400;XOF;40000000;18/03/2054
100047637;5400;XOF;11020589;10/06/2052
100002928;5400;XOF;31500000;09/10/2045
100024472;5400;XOF;29400000;26/07/2041
100069184;5400;XOF;15960000;10/09/2048
100195538;5400;XOF;408000000;22/01/2048
100195538;7000;XOF;100000000;22/02/2029
100001638;5400;XOF;47700000;28/07/2041
100172806;5400;XOF;75180278;11/03/2049
101610268;5400;XOF;1000000000;16/11/2053
101610268;7000;XOF;300000000;16/11/2033
100261365;5400;XOF;5000000;20/07/2030
100415860;5400;XOF;35888750;22/05/2050
100003800;5400;XOF;50900000;07/04/2050
101195632;5400;XOF;1200000000;04/01/2051
101195632;7000;XOF;300000000;20/07/2031
100000178;5400;XOF;36000000;05/11/2042
100004290;5400;XOF;32204884;15/05/2044
100009399;5400;XOF;41650000;19/10/2045
100006298;5400;XOF;74250000;16/12/2051
100227124;5400;XOF;1000000000;15/12/2053
100002096;5400;XOF;631000000;24/04/2050
100002096;7000;XOF;500000000;21/04/2027
100002096;7100;XOF;350000000;31/12/2029
100003163;5400;XOF;63149212;16/01/2044
100005404;5400;XOF;53600000;04/02/2044
100004608;5400;XOF;35000000;07/04/2046
101283817;5400;XOF;59991760;29/04/2051
101283817;7000;XOF;300000000;23/04/2031
100001860;5400;XOF;100000000;21/06/2041
100000061;5400;XOF;52917636;22/12/2044
100012205;5400;XOF;60000000;18/03/2054
100010032;5400;XOF;30000000;18/03/2054
100006307;5400;XOF;66401228;18/03/2054
100309801;5400;XOF;50000000;18/03/2054
100012066;5400;XOF;75000000;18/03/2054
100011222;5400;XOF;80000000;18/03/2054
100011221;5400;XOF;75000000;18/03/2054
100002113;5400;XOF;34550000;27/11/2043
100385201;5400;XOF;186000000;13/05/2049
100004086;5400;XOF;100000000;18/03/2054
100011527;5400;XOF;58000000;18/03/2054
100007475;5400;XOF;49000000;18/03/2054
100007054;5400;XOF;49000000;18/03/2054
100006950;5400;XOF;100000000;18/03/2054
100010548;5400;XOF;100000000;18/03/2054
100004285;5400;XOF;149000000;18/03/2054
100007009;5400;XOF;20000000;18/03/2054
100009158;5400;XOF;47000000;18/03/2054
100172207;5400;XOF;40000000;18/03/2054
100006954;5400;XOF;98045651;18/03/2054
101389739;5400;XOF;53649000;18/03/2054
100185785;5400;XOF;53000000;18/03/2054
100256846;5400;XOF;37000000;18/03/2054
100222648;5400;XOF;100000000;18/03/2054
100008147;5400;XOF;52000000;18/03/2054
100009745;5400;XOF;80000000;18/03/2054
100007963;5400;XOF;79900000;18/03/2054
100008920;5400;XOF;37000000;18/03/2054
100010012;5400;XOF;70000000;18/03/2054
100005143;5400;XOF;53000000;18/03/2054
100007188;5400;XOF;58000000;18/03/2054
100217750;5400;XOF;45000000;18/03/2054
100007378;5400;XOF;65000000;18/03/2054
100008340;5400;XOF;185000000;18/03/2054
100011024;5400;XOF;42000000;14/02/2048
100006514;5400;XOF;37650000;16/01/2044
100005171;5400;XOF;25300000;16/12/2046
100007252;5400;XOF;64000000;16/09/2046
100004252;5400;XOF;30000000;02/01/2045
100011792;5400;XOF;29535315;30/01/2048
100006579;5400;XOF;50150000;19/10/2045
100001350;5400;XOF;2200000000;24/01/2048
100222546;5400;XOF;609000000;31/12/2099
100222546;7000;XOF;1000000000;15/02/2029
100000582;5400;XOF;32000000;08/02/2043
100456036;5400;XOF;28915231;14/11/2048
100004609;5400;XOF;32293474;21/03/2041
100009132;5400;XOF;713790000;28/12/2052
100009132;7000;XOF;600000000;17/11/2032
100009132;7100;XOF;1320000000;17/11/2032
100004293;5400;XOF;48517724;15/05/2044
100024011;5400;XOF;1734000000;01/01/2099
100002926;5400;XOF;74000000;10/07/2047
100007312;5400;XOF;77000000;22/04/2046
100006870;5400;XOF;47017509;14/05/2044
100008470;5400;XOF;32650000;01/12/2044
100004963;5400;XOF;38000000;23/01/2045
100955525;5400;XOF;198000000;27/04/2052
100009130;5400;XOF;125000000;16/07/2049
100182293;5400;XOF;40000000;18/03/2054
100010199;5400;XOF;100000000;18/03/2054
100008256;5400;XOF;100000000;18/03/2054
100150723;5400;XOF;65000000;18/03/2054
100011105;5400;XOF;50000000;18/03/2054
100192050;5400;XOF;38000000;18/03/2054
101245543;5400;XOF;443047855;10/06/2052
101245543;7000;XOF;300000000;01/09/2031
100063775;5400;XOF;16550000;07/01/2049
100005080;5400;XOF;29000000;12/11/2045
100007021;5400;XOF;29100000;29/05/2045
100006815;5400;XOF;30600000;30/01/2048
100004289;5400;XOF;25000000;24/06/2052
101444672;5400;XOF;600000000;11/04/2052
100011782;5400;XOF;95000000;23/06/2052
100315943;5400;XOF;35000000;23/06/2052
100000077;5400;XOF;37750000;13/10/2045
100012592;5400;XOF;49000000;24/06/2052
101955757;5400;XOF;11000000000;30/07/2055
100002401;5400;XOF;30000000;13/10/2039
100218390;5400;XOF;254940000;23/02/2047
100007165;5400;XOF;65000000;26/04/2046
100004964;5400;XOF;52019657;06/07/2047
100006967;5400;XOF;60700000;28/12/2047
100010781;5400;XOF;52000004;29/06/2047
100005485;5400;XOF;54500000;15/01/2043
100006840;5400;XOF;48700000;23/11/2043
100031834;5400;XOF;114000000;31/12/2030
100009795;5400;XOF;60500000;21/05/2049
100190316;5400;XOF;85000000;17/05/2049
100004106;5400;XOF;33000000;10/11/2047
100005078;5400;XOF;29000000;18/08/2039
100007397;5400;XOF;43000000;27/08/2045
100006987;5400;XOF;9900000;18/09/2042
100006849;5400;XOF;54000000;27/07/2041
100002208;5400;XOF;49750000;21/05/2049
100006503;5400;XOF;101000000;21/09/2045
100003624;5400;XOF;53000000;05/11/2045
100007142;5400;XOF;38031700;13/11/2043
100000581;5400;XOF;17500000;25/10/2044
100005106;5400;XOF;70000000;21/03/2041
100010594;5400;XOF;40000000;18/12/2043
100004742;5400;XOF;41600000;27/11/2043
100004745;5400;XOF;57000000;21/05/2049
100009401;5400;XOF;52950000;11/08/2047
100005842;5400;XOF;34400000;06/02/2043
100000063;5400;XOF;15000000;31/12/2030
100007143;5400;XOF;40000000;31/12/2099
100008027;5400;XOF;50000000;02/05/2048
100042888;7000;XOF;48080000;30/01/2033
100187396;7000;XOF;165000000;19/10/2032
101981897;7000;XOF;33000000;05/01/2027
102815941;7000;XOF;33000000;05/09/2027
102533120;7000;XOF;92463800;07/11/2035
102803796;7000;XOF;22000000;05/10/2029
102323110;7000;XOF;16500000;05/06/2027
100011648;7000;XOF;115309586;02/03/2032
102753077;7000;XOF;5500000;05/07/2027
100290986;7000;XOF;27884604;05/12/2026
102805330;7000;XOF;55500000;05/11/2026
100403274;7000;XOF;210000000;27/11/2035
101773657;7000;XOF;44000000;05/07/2027
101615442;7000;XOF;1110000000;10/03/2033
101684684;7000;XOF;5500000;05/07/2027
101691082;7000;XOF;11000000;05/07/2027
101755964;7000;XOF;5500000;05/03/2027
102504184;7000;XOF;5500000;05/04/2027
101283648;7000;XOF;54890000;05/02/2027
102430821;7000;XOF;16500000;05/04/2027
102816076;7000;XOF;9900000;05/10/2027
102914062;7000;XOF;33000000;10/02/2027
101672939;7000;XOF;59400000;26/07/2030
100146546;7000;XOF;41789000;05/05/2029
102806858;7000;XOF;27500000;05/07/2027
102941772;7000;XOF;33000000;10/03/2027
102429143;7000;XOF;30568863;05/10/2027
101691976;7000;XOF;70423000;19/09/2033
101458008;7000;XOF;132000000;05/12/2026
101355055;7000;XOF;22000000;05/03/2027
102930043;7000;XOF;33000000;10/11/2027
100869629;7000;XOF;75521583;25/04/2027
102828430;7000;XOF;16500000;05/07/2027
102338897;7000;XOF;33000000;30/10/2026
101985988;7000;XOF;7700000;05/10/2026
100173136;7000;XOF;550000000;27/10/2045
101981557;7000;XOF;9900000;12/11/2035
102417490;7000;XOF;132000000;05/02/2027
102515511;7000;XOF;9900000;05/11/2026
102493197;7000;XOF;17600000;02/09/2035
100269902;7000;XOF;110000000;02/09/2034
102007882;7000;XOF;880000000;07/10/2034
101827078;7000;XOF;1000000000;17/09/2045
101335517;7000;XOF;76507200;10/02/2027
101694056;7000;XOF;32214479;10/10/2028
102842089;7000;XOF;33000000;05/09/2029
101392265;7000;XOF;55000000;24/05/2033
100270683;7000;XOF;82500000;20/07/2033
101294678;7000;XOF;143000000;27/03/2033
101053783;7000;XOF;11000000;18/10/2033
101570679;7000;XOF;6000000000;02/11/2032
101345276;7000;XOF;16500000;15/12/2032
101387986;7000;XOF;16500000;10/07/2033
100350234;7000;XOF;66000000;11/05/2033
100045622;7000;XOF;132000000;22/11/2032
101364078;7000;XOF;11000000;31/10/2032
100134415;7000;XOF;176000000;04/01/2034
102001119;7000;XOF;22000000;03/06/2035
100354646;7000;XOF;11913551;27/11/2035
101606099;7000;XOF;16500000;01/08/2033
101303541;7000;XOF;11000000;20/12/2031
101203023;7000;XOF;22000000;11/05/2033
101499689;7000;XOF;29000000;24/12/2030
101378293;7000;XOF;214390000;03/03/2033
101272267;7000;XOF;44000000;20/07/2033
100187051;7000;XOF;759000000;21/07/2033
101148693;7000;XOF;110000000;12/07/2033
101360677;7000;XOF;154000000;26/08/2032
100000697;7000;XOF;23062144;04/08/2032
101004014;7000;XOF;60500000;26/06/2033
100000554;7000;XOF;33000000;26/06/2033
101024221;7000;XOF;26400000;25/07/2032
100262003;7000;XOF;27500000;18/10/2033
101511182;7000;XOF;100000000;16/11/2035
100044172;7000;XOF;53900000;18/06/2031
101303004;7000;XOF;22440000;20/01/2033
100108242;7000;XOF;22000000;29/03/2031
101445466;7000;XOF;576431453;08/02/2031
101563577;7000;XOF;20868276;30/10/2033
101606655;7000;XOF;110000000;26/07/2030
100860336;7000;XOF;5500000;02/08/2032
100226616;7000;XOF;44000000;03/03/2033
101695124;7000;XOF;33000000;04/08/2033
101304327;7000;XOF;33000000;22/06/2032
100261824;7000;XOF;22000000;16/09/2030
101081063;7000;XOF;77000000;31/05/2031
101300634;7000;XOF;150000000;20/01/2030
101694477;7000;XOF;150000000;26/01/2034
101757060;7000;XOF;500000000;27/12/2033
101517569;7000;XOF;88000000;12/07/2033
101318775;7000;XOF;16500000;18/02/2032
100766106;7000;XOF;10989000;14/07/2033
101094707;7000;XOF;16500000;23/08/2032
101006973;7000;XOF;22000000;08/03/2033
100052206;7000;XOF;33000000;17/08/2033
101410425;7000;XOF;283800000;16/06/2032
101231982;7000;XOF;75627726;-
101336978;7000;XOF;24200000;28/03/2033
101511356;7000;XOF;110000000;09/02/2033
100290961;7000;XOF;7700000;19/05/2031
100273686;7000;XOF;400000000;12/09/2029
100215549;7000;XOF;16500000;22/07/2032
101265060;7000;XOF;27500000;16/05/2032
100103866;7000;XOF;2000000000;07/10/2031
101385172;7000;XOF;11000000;09/08/2031
101434395;7000;XOF;11000000;18/01/2033
101342024;7000;XOF;22000000;24/01/2033
100946153;7000;XOF;33000000;15/02/2033
100178334;7000;XOF;66000000;20/05/2032
101444843;7000;XOF;27500000;03/08/2033
101330161;7000;XOF;28600000;02/02/2033
101159061;7000;XOF;33000000;14/01/2032
100179245;7100;XOF;2350000000;29/08/2049
100006015;7100;XOF;250000000;21/09/2030
